vorname;nachname;email;website;city
;;info@zainkoeln.de;http://www.zainkoeln.de;Köln
;;praxis@josuweck-weiler.de;http://www.josuweck-weiler.de;Köln
;;info@zahn-jb.de;http://www.zahn-jb.de;Köln
;;info@dr-coeln.de;http://www.dr-coeln.de;Köln
;;praxis-dr-g-dahm@netcologne.de;https://www.greven.de/;Köln
;;info@fzkfo.de;http://www.fzkfo.de;Köln
;;praxis@dr-hoerschler.de;http://www.dr-hoerschler.de;Köln
;;dr.slaux@hotmail.de;https://www.docinsider.de/susanne-laux;Köln
;;info@dr-ralph-schloesser.de;http://www.dr-ralph-schloesser.de;Köln
;;praxis@zahnarzt-wegener.de;http://www.zahnarzt-wegener.de;Köln
;;info@blendental-zahnarztpraxis.de;http://www.blendental-zahnarztpraxis.de;Köln
;;info@moinmark.de;http://www.moinmark.de;Köln
;;info@zahnaerzte-koeln-friesenplatz.de;http://www.zahnaerzte-koeln-friesenplatz.de;Köln
;;dr.andrea.schindler@gmx.de;http://www.zahnaerztin-schindler.de;Köln
;;info@stephanie-breuer.de;https://stephanie-breuer.de;Köln
;;sven.dullin@t-online.de;https://www.greven.de/;Köln
;;info@zahnarzt-fuchte.de;http://www.zahnarzt-fuchte.de;Köln
;;zahnarztpraxis.dr.sarram@googlemail.com;http://www.sarram.de;Köln
;;Aghili.reza@yahoo.de;http://www.Zahnarzt-Aghili.de;Köln
;;aichingerhochzwei@gmx.de;http://www.koeln-zahnarzt.info;Köln
;;zahnarzt@dr-anschuetz.de;http://www.zahnarzt-porz.koeln;Köln
;;info@zahn-kroll-apostologlou.de;https://www.zahn-kroll-apostologlou.de/;Köln
;;kariesfrei@web.de;http://www.kariesfrei.eu;Köln
;;dr.arnoldy@gmx.net;http://www.ihre-zahnarztpraxis-ist.net;Köln
;;info@implantatcenter-koeln.de;http://www.implantatcenterkoeln.de;Köln
;;service@zahngesundheit-koeln.de;http://www.zahngesundheit-koeln.de;Köln
;;m.bender@zgi-bender.de;http://www.dein-fester-biss.de;Köln
;;info@kfo-bamidis.de;http://www.kfo-bamidis.de;Köln
;;kfo.kram@gmx.de;https://kram-holi-dontics.de;Köln
;;praxis@kfo-kalk.de;http://www.kfo-kalk.de;Köln
;;info@amberger.com;https://www.amberger.com;Essen
;;rgoutkin@t-online.de;http://www.zahnarzt-goutkin.de;Köln
;;dr.klaus@praxis-langenbach.de;http://www.praxis-langenbach.de;Köln
;;info@zahnarzt-schildergasse.de;http://www.bastundstute.de;Köln
;;zahnarzt.rosenberg@netcologne.de;https://www.docinsider.de/thomas-rosenberg;Köln
;;fra-fri@t-online.de;http://www.zahnarztpraxis-koeln-mitte.de;Köln
Kieferzentrum;Dortmund-Hombruch;info@kiefer-gesichtschirurg.de;https://www.kiefer-gesichtschirurg.de;Dortmund
Kieferzentrum;Dortmund-Hombruch;za-evinger-markt@t-online.de;http://www.zahnarzt-dr-sternberg.de;Dortmund
Kieferzentrum;Dortmund-Hombruch;praxis@zahnarzt-dr-sternberg.de;https://www.zahnarzt-dr-sternberg.de;Dortmund
Kieferzentrum;Dortmund-Hombruch;praxis@dres-klemann.de;http://www.dres-klemann.de;Dortmund
Kieferzentrum;Dortmund-Hombruch;info@zahnarztpraxis-josephs.de;http://www.zahnarztpraxis-josephs.de;Dortmund
;;blaschkeastrid@aol.com;https://www.sutter-local-media.de;Essen
;;info@implantwitten.de;http://www.implantwitten.de/;Essen
Kieferzentrum;Dortmund-Hombruch;info@dr-bierhoff.de;http://www.dr-bierhoff.de;Dortmund
Kieferzentrum;Dortmund-Hombruch;info@zahnmedizin-maerkerhaus.de;http://www.zahnmedizin-maerkerhaus.de;Dortmund
Kieferzentrum;Dortmund-Hombruch;info@dr-hild.com;https://www.dr-hild.com/;Dortmund
Kieferzentrum;Dortmund-Hombruch;praxis@dr-nienaber-zahnarzt.de;http://www.dr-nienaber-zahnarzt.de;Dortmund
Kieferzentrum;Dortmund-Hombruch;kontakt@praxis-b-hinz.de;http://www.praxis-b-hinz.de;Dortmund
Kieferzentrum;Dortmund-Hombruch;zahnarzt-dr.b.mueller@t-online.de;http://www.dortmund-zahnarzt-mueller.de;Dortmund
Kieferzentrum;Dortmund-Hombruch;praxis@zahnarzt-makowski.de;http://www.zahnarzt-makowski.de;Dortmund
Kieferzentrum;Dortmund-Hombruch;zoranpantic@aol.com;http://www.zahnarzt-pantic.de;Dortmund
Kieferzentrum;Dortmund-Hombruch;webmaster@zahnarzt-eckhardt.de;https://www.zahnarzt-eckhardt.de/;Dortmund
Kieferzentrum;Dortmund-Hombruch;praxis@zahnarzt-dortmund.com;http://www.zahnarzt-dortmund.com;Dortmund
Kieferzentrum;Dortmund-Hombruch;info@zahnarzt-fabri.de;http://www.zahnarzt-fabri.de;Dortmund
Kieferzentrum;Dortmund-Hombruch;kontakt@praxis-kolar-hinz.de;https://www.praxis-b-hinz.de/;Dortmund
Kieferzentrum;Dortmund-Hombruch;MKG@dortmund-kieferchirurgie.de;http://www.dortmund-kieferchirurgie.de;Dortmund
Kieferzentrum;Dortmund-Hombruch;praxis@kieferzentrum-hombruch.de;http://www.kieferzentrum-hombruch.de;Dortmund
Kieferzentrum;Dortmund-Hombruch;info@fricke-ritschel.de;http://www.fricke-ritschel.de;Dortmund
Kieferzentrum;Dortmund-Hombruch;info@kfo-namazi.de;http://www.kfo-namazi.de;Dortmund
Kieferzentrum;Dortmund-Hombruch;kieferchirurgie-dortmund@t-online.de;http://www.kieferchirurgie-dortmund.de;Dortmund
Kieferzentrum;Dortmund-Hombruch;info@zahnwandel-dortmund.de;http://www.zahnwandel.de;Dortmund
Kieferzentrum;Dortmund-Hombruch;praxis@zzplus.de;http://zentrum-zahnärzte.de;Dortmund
Kieferzentrum;Dortmund-Hombruch;buchhaltung@zz-do.de;https://zz-do.de;Dortmund
Kieferzentrum;Dortmund-Hombruch;empfang@zz-do.de;https://zz-do.de;Dortmund
Kieferzentrum;Dortmund-Hombruch;info@orthograd.de;http://www.orthograd.de;Dortmund
Kieferzentrum;Dortmund-Hombruch;info@zahnarzt-ostentor.de;http://www.zahnarzt-ostentor.de;Dortmund
Kieferzentrum;Dortmund-Hombruch;media@doc-zahnaerzte.de;https://doc-zahnaerzte.de;Dortmund
Kieferzentrum;Dortmund-Hombruch;info@dr-markus-baumeister.de;http://www.dr-markus-baumeister.de;Dortmund
Kieferzentrum;Dortmund-Hombruch;info@praxis-am-wall.de;http://www.praxis-am-wall.de;Dortmund
Kieferzentrum;Dortmund-Hombruch;praxis@zahn-klinikampark.de;http://www.zahn-klinikampark.de;Dortmund
Kieferzentrum;Dortmund-Hombruch;shakila.smile@gmx.de;http://www.dr-akram.de;Dortmund
Kieferzentrum;Dortmund-Hombruch;praxisschwake@outlook.de;http://www.zahnarzt-schwake.de;Dortmund
Kieferzentrum;Dortmund-Hombruch;praxis@dr-grebe.de;http://www.dr-grebe.de;Dortmund
Quarree;Hamburg;info@praxis-thomsen-goettsch.de;http://www.praxis-thomsen-goettsch.de;Hamburg
Quarree;Hamburg;info@zahnarztpraxis-altona.de;http://www.zahnarztpraxis-altona.de;Hamburg
Quarree;Hamburg;info@zap-bazary.de;http://www.zap-bazary.de;Hamburg
Quarree;Hamburg;praxis@quarree-dental.de;https://quarree-dental.de/zahnarzt-hamburg/;Hamburg
Quarree;Hamburg;info@zahnaerzte-kaltenkirchen.de;http://www.mvz-ineskraus.de;Hamburg
Quarree;Hamburg;info@zm-glinde.de;https://www.zm-glinde.de;Hamburg
Quarree;Hamburg;info@hansezahn-hh.de;http://www.hansezahn-hh.de;Hamburg
Quarree;Hamburg;info@zahnarzt-mundsburg.de;http://www.zahnarzt-mundsburg.de;Hamburg
Quarree;Hamburg;dr.c.korn@o2mail.de;https://www.zahnaerztinnen-rellingen.de;Hamburg
Quarree;Hamburg;info@zahnheilpraxis-schuette.de;http://www.zahnheilpraxis-schuette.de;Hamburg
Quarree;Hamburg;info@zahnarzt-norderstedt.net;http://www.zahnarzt-norderstedt.net;Hamburg
Quarree;Hamburg;j-dr_schneekloth@t-online.de;http://www.zahnarzt-schneekloth.de;Hamburg
Quarree;Hamburg;jbhinrichsen@t-online.de;http://www.duf.de;Hamburg
Quarree;Hamburg;info@praxis-ramm.de;http://www.praxis-ramm.de;Hamburg
Quarree;Hamburg;praxis@drmathiasschmidt.de;http://www.drmathiasschmidt.de;Hamburg
Quarree;Hamburg;info@dr-volkmuth-dr-boehle.de;http://www.dr-volkmuth-dr-boehle.de;Hamburg
Quarree;Hamburg;praxis@alsterdental.com;https://www.alsterdental.com;Hamburg
Quarree;Hamburg;phidentalpraxis@gmail.com;http://www.duf.de;Hamburg
Quarree;Hamburg;info@praxis-ibili.de;https://www.praxis-ibili.de;Hamburg
Quarree;Hamburg;info@zahnarzt-tolksdorf.de;https://zahnarzt-tolksdorf.de;Hamburg
Quarree;Hamburg;info@zahnarztpraxis-asmat.de;https://www.zahnarzt-hamburg-bergstedt.de/;Hamburg
Quarree;Hamburg;info@zahnzentrum-wandsbek.de;https://www.zahnzentrum-wandsbek.de;Hamburg
Quarree;Hamburg;werbung@drluehmann.de;http://www.duf.de;Hamburg
Quarree;Hamburg;info@zahnarzt-scheliga.de;http://www.zahnarzt-scheliga.de;Hamburg
Quarree;Hamburg;info@dr-posorski.de;http://www.dr-posorski.de;Hamburg
Quarree;Hamburg;praxis@citymedent.de;https://citymedent.de;Hamburg
Quarree;Hamburg;praxis@drfritzsche.com;https://www.zahnarztpraxis-drfritzsche.de;Hamburg
Quarree;Hamburg;info@praxis-luehrmann.de;http://www.praxis-luehrmann.de;Hamburg
Quarree;Hamburg;info@offenbaecher.com;http://www.offenbaecher.com;Hamburg
Quarree;Hamburg;dr.apostolescu@t-online.de;http://www.zahnarzt-dr-apostolescu.de;Hamburg
Quarree;Hamburg;buero@zhk-hh.de;http://www.zhk-hh.de;Hamburg
Quarree;Hamburg;info@zahnarzt-hamburg-zentrum.de;http://www.zahnarzt-hamburg-zentrum.de;Hamburg
Quarree;Hamburg;info@zahnmedizin-musikhalle.de;https://www.zahnaerzte-hamburg-innenstadt.de/;Hamburg
Quarree;Hamburg;info@zahnarzt-gundlach.de;http://www.zahnarzt-gundlach.de;Hamburg
Chamsiddin;Frankfurt;info@praxis-dr-blei.de;http://www.dr-blei.de;Frankfurt
Chamsiddin;Frankfurt;info@oralchirurg-ffm.de;http://www.oralchirurg-ffm.de;Frankfurt
Chamsiddin;Frankfurt;dr.mccaffrey@t-online.de;https://www.tvg-verlag.de;Frankfurt
Chamsiddin;Frankfurt;dr.streletz@t-online.de;https://www.dr-streletz.de;Frankfurt
Chamsiddin;Frankfurt;dr.marian@t-online.de;http://www.dr-marian.de;Frankfurt
Chamsiddin;Frankfurt;praxis@zahnarzt-steinert.de;http://www.zahnarzt-steinert.de;Frankfurt
Chamsiddin;Frankfurt;info@praxis-bender.de;http://www.praxis-bender.de;Frankfurt
Chamsiddin;Frankfurt;Anmeldung@Bilow.de;http://www.bilow.de;Frankfurt
Chamsiddin;Frankfurt;praxis@zahnarztfrankfurt.de;http://www.zahnarztfrankfurt.de;Frankfurt
Chamsiddin;Frankfurt;info@dr-koeppert.de;http://www.dr-koeppert.de;Frankfurt
Chamsiddin;Frankfurt;dr.sandramilanovic@yahoo.com;http://www.praxis-milanovic.de;Frankfurt
Chamsiddin;Frankfurt;info@pagp.de;http://www.pagp.de;Frankfurt
Chamsiddin;Frankfurt;info@nordend-zahnarzt.de;http://www.nordend-zahnarzt.de;Frankfurt
Chamsiddin;Frankfurt;dresweinlich@gmx.de;http://www.zahnarzt-weinlich.de;Frankfurt
Chamsiddin;Frankfurt;nautilus@web-refiner-frankfurt.de;http://nautilus-praxen.de/;Frankfurt
Chamsiddin;Frankfurt;praxis@zieber.de;https://www.zieber.de;Frankfurt
Chamsiddin;Frankfurt;info@dr-pothe.de;http://www.dr-pothe.de/;Frankfurt
Chamsiddin;Frankfurt;info@hauptwache5.de;http://www.hauptwache5.de;Frankfurt
Chamsiddin;Frankfurt;info@zahnarztteam-frankfurt.de;http://www.zahnarztteam-frankfurt.de;Frankfurt
Chamsiddin;Frankfurt;praxis@zahnarzt-padilla.de;http://www.zahnarzt-padilla.de;Frankfurt
Chamsiddin;Frankfurt;info@praxis-stamm.com;http://www.endodontiespezialist.de;Frankfurt
Chamsiddin;Frankfurt;info@dr-avci.de;http://www.dr-avci.de;Frankfurt
Chamsiddin;Frankfurt;info@dr-yavuz.de;http://www.dr-yavuz.de;Frankfurt
Chamsiddin;Frankfurt;dr.schoeneich@t-online.de;http://www.zahnarztdr-schoeneich.de;Frankfurt
Chamsiddin;Frankfurt;info@zahnarzt-oederweg.de;http://www.zahnarzt-oederweg.de;Frankfurt
Chamsiddin;Frankfurt;info@zaghian.de;http://www.zaghian.de;Frankfurt
Chamsiddin;Frankfurt;praxis@tschackert.com;http://www.tschackert.com;Frankfurt
Chamsiddin;Frankfurt;praxis.frankfurt@doktor-z.de;http://www.doktor-z.de;Frankfurt
Chamsiddin;Frankfurt;praxis@dr-krumholz.de;http://www.dr-krumholz.de;Frankfurt
Chamsiddin;Frankfurt;info@zahnarztpraxis-enciso.de;http://www.zahnarztpraxis-enciso.de;Frankfurt
Chamsiddin;Frankfurt;praxisds@t-online.de;http://www.praxisds.de;Frankfurt
Chamsiddin;Frankfurt;info@zahnarztpraxis-g3.de;http://www.zahnarztpraxis-g3.de;Frankfurt
Chamsiddin;Frankfurt;drkarnstedt@praxis-karnstedt.de;http://www.praxis-karnstedt.de;Frankfurt
Chamsiddin;Frankfurt;info@hakimh.de;http://www.hakimh.de;Frankfurt
Chamsiddin;Frankfurt;info@endopur.de;http://www.endopur.de;Frankfurt
Stuttgart;Zahnheilkunde;info@elsler-kollegen.de;https://www.elsler-kollegen.de/;Stuttgart
Stuttgart;Zahnheilkunde;info@findeisen-zahnarzt.de;http://findeisen-zahnarzt.de;Stuttgart
Stuttgart;Zahnheilkunde;info@zahnarzt-posavec.de;https://www.zahnarzt-posavec.de/;Stuttgart
Stuttgart;Zahnheilkunde;praxis@marc-mauch.de;http://www.marc-mauch.de;Stuttgart
Stuttgart;Zahnheilkunde;info@zahnarzt-mundgesund.de;https://www.zahnarzt-mundgesund.de/;Stuttgart
Stuttgart;Zahnheilkunde;praxis@dr-franger.de;http://www.dr-franger.de;Stuttgart
Stuttgart;Zahnheilkunde;praxisgemeinschaftdres.schwarz@t-online.de;https://diezahnerhaltungspraxis.de/;Stuttgart
Stuttgart;Zahnheilkunde;praxis@dr-jung.net;http://www.dr-jung.net;Stuttgart
Stuttgart;Zahnheilkunde;praxis@dr-kik.de;https://dr-kik.de/;Stuttgart
Stuttgart;Zahnheilkunde;post@zahnarztpraxis-vogel.de;http://zahnarztpraxis-vogel.de/;Stuttgart
Stuttgart;Zahnheilkunde;info@zahnarztpraxis-fleckenstein.de;http://www.zahnarztpraxis-fleckenstein.de;Stuttgart
Stuttgart;Zahnheilkunde;info@familienpraxis.dental;http://www.familienprxis.dental;Stuttgart
Stuttgart;Zahnheilkunde;info@leo-dent.de;http://www.leo-dent.de;Stuttgart
Stuttgart;Zahnheilkunde;info@dr-jochen-kuhn.de;http://www.dr-jochen-kuhn.de;Stuttgart
Stuttgart;Zahnheilkunde;info@zahnvari.de;http://www.zahnvari.de;Stuttgart
Stuttgart;Zahnheilkunde;info@praxisklinik-riedenberg.de;http://www.praxisklinik-riedenberg.de;Stuttgart
Stuttgart;Zahnheilkunde;zahnarztpraxis@sonnenberg-stgt.de;http://www.schoenezaehnesonnenberg.de;Stuttgart
Stuttgart;Zahnheilkunde;praxis@deissler.com;https://www.zahnarzt-deissler.de;Stuttgart
Stuttgart;Zahnheilkunde;praxis@nietzsch.de;https://www.zahnaerzte-nietzsch.de;Stuttgart
Stuttgart;Zahnheilkunde;dr-rothe-haselbacher@t-online.de;https://www.dr-rothe-haselbacher.de;Stuttgart
Stuttgart;Zahnheilkunde;praxis@zahnarzt-roedenbeck.de;https://www.zahnarzt-roedenbeck.de/;Stuttgart
Stuttgart;Zahnheilkunde;info@zahnarztpraxis-tachtatzi.de;https://www.zahnarztpraxis-tachtatzi.de/;Stuttgart
Stuttgart;Zahnheilkunde;kontakt@zahnarzt-praxis-fellbach.de;https://zahnarzt-praxis-fellbach.de/;Stuttgart
Stuttgart;Zahnheilkunde;info@zvl-zahnarztpraxis.de;https://zvl-zahnarztpraxis.de/;Stuttgart
Stuttgart;Zahnheilkunde;info@dr-licht-stuttgart.de;https://www.dr-licht-stuttgart.de;Stuttgart
Stuttgart;Zahnheilkunde;info@hermann-zahnarzt.de;http://www.hermann-zahnarzt.de;Stuttgart
Stuttgart;Zahnheilkunde;info@zahnarzt-praxis-stuttgart.com;http://www.zahnarzt-praxis-stuttgart.com;Stuttgart
Stuttgart;Zahnheilkunde;DrEPotocsnik@web.de;https://www.docinsider.de/evagelia-potocsnik;Stuttgart
Stuttgart;Zahnheilkunde;rodica.rieger@gmx.de;http://www.zahnarztpraxis-rodica-rieger.de;Stuttgart
Stuttgart;Zahnheilkunde;dr.speyer@online.de;http://www.dr-speyer.de;Stuttgart
Stuttgart;Zahnheilkunde;zapw@arcor.de;http://www.w-medien.de;Stuttgart
Stuttgart;Zahnheilkunde;info@koerner-mkg-chirurg.de;https://www.zahnarzt-koerner-stuttgart-west.de/;Stuttgart
Stuttgart;Zahnheilkunde;info@kieferorthopaedie-kornwestheim.de;https://www.kieferorthopaedie-kornwestheim.de;Stuttgart
Stuttgart;Zahnheilkunde;info@kfo-fellbach.de;http://www.kfo-fellbach.de;Stuttgart
Stuttgart;Zahnheilkunde;praxis@kfo-ostfildern.de;http://www.kfo-ostfildern.de/;Stuttgart
Stuttgart;Zahnheilkunde;info@konik.de;http://www.konik.de;Stuttgart
Stuttgart;Zahnheilkunde;info@kieferorthopaedie-marbach.de;http://www.kieferorthopaedie-marbach.de;Stuttgart
Stuttgart;Zahnheilkunde;info@zaehne-stuttgart.de;https://www.zaehne-stuttgart.de/;Stuttgart
Stuttgart;Zahnheilkunde;info@drs-simon.de;http://www.zahnarztpraxis-simon.de;Stuttgart
Stuttgart;Zahnheilkunde;info@kfo-boeblingen.com;http://www.kfo-boeblingen.com;Stuttgart
Stuttgart;Zahnheilkunde;info@frentz.de;https://www.frentz.de/;Stuttgart
Joanna;Düsseldorf;info@zahnarztpraxis-khawaja.de;https://www.zahnarztpraxis-khawaja.de;Düsseldorf
Joanna;Düsseldorf;info@praxis-buessenschuett.de;http://www.praxis-buessenschuett.de;Düsseldorf
Joanna;Düsseldorf;praxis@dr-voepel.de;https://dr-voepel.de;Düsseldorf
Joanna;Düsseldorf;dr.i.loewe@t-online.de;https://drloewe.info/;Düsseldorf
Joanna;Düsseldorf;haarmannjansen@t-online.de;https://www.zahnarzt-jansen-dormagen.de;Düsseldorf
Joanna;Düsseldorf;info@zahnaerzte-mayerhoefer.de;https://zahnaerzte-mayerhoefer.de;Düsseldorf
Joanna;Düsseldorf;info@dr-vogt-miermann.de;https://www.dr-vogt-miermann.de;Düsseldorf
Joanna;Düsseldorf;info@planet-smile.de;http://www.planet-smile.de;Düsseldorf
Joanna;Düsseldorf;info@zahnarztmueller.de;https://www.zahnarztmüller.de/;Düsseldorf
Joanna;Düsseldorf;zahnarztpraxis.matziol@gmx.de;https://www.matziol-zahnarztpraxis.de/;Düsseldorf
;;info@zahnarztpraxis-victoriahaus.de;https://www.zahnarztpraxis-victoriahaus.de;Essen
Joanna;Düsseldorf;info@zahnaerzte-lessingplatz.de;http://www.zahnaerzte-lessingplatz.de;Düsseldorf
Joanna;Düsseldorf;praxis@hausweiler-hartwig.de;http://www.hausweiler-hartwig.de;Düsseldorf
Joanna;Düsseldorf;info@zahnaerzte-holthausen.de;http://www.zahnaerzte-holthausen.de;Düsseldorf
Joanna;Düsseldorf;info@drgreve.de;http://www.drgreve.de;Düsseldorf
Joanna;Düsseldorf;tatjana-werk@t-online.de;http://www.zahn-werk.net;Düsseldorf
Joanna;Düsseldorf;info@zakd.de;http://www.duesselzahn.de;Düsseldorf
Joanna;Düsseldorf;info@zahnarztpraxis-dr-lorscheidt.de;http://www.zahnarztpraxis-dr-lorscheidt.de;Düsseldorf
Joanna;Düsseldorf;dr.schafhausen@gmx.de;http://www.zahnarzt-urdenbach.de;Düsseldorf
Joanna;Düsseldorf;praxis205@hausweiler-hartwig.de;https://www.hausweiler-hartwig.de;Düsseldorf
Joanna;Düsseldorf;praxis@zahnaerztin-levin.de;http://www.zahnaerztin-levin.de;Düsseldorf
Joanna;Düsseldorf;praxis@dr-pluemer.com;http://www.dr-pluemer.com;Düsseldorf
Joanna;Düsseldorf;mueller-duesseldorf@t-online.de;http://www.zahnarztuwemueller.de;Düsseldorf
Joanna;Düsseldorf;mail@zahnarztpraxis-zoubir.de;https://www.zahnarztpraxis-zoubir.de;Düsseldorf
Joanna;Düsseldorf;praxis-zentner@t-online.de;http://www.praxis-zentner.de;Düsseldorf
Joanna;Düsseldorf;info@dr-fleddermann.de;https://www.dr-fleddermann.de;Düsseldorf
Joanna;Düsseldorf;info@we-create-your-smile.de;https://www.we-create-your-smile.de;Düsseldorf
Joanna;Düsseldorf;info@kfo-kaiserswerth.de;http://www.kfo-kaiserswerth.com;Düsseldorf
Joanna;Düsseldorf;info@family-dental-praxis.de;http://www.family-dental-praxis.de;Düsseldorf
Joanna;Düsseldorf;praxis@kfo-am-rhein.de;http://www.kfo-am-rhein.de;Düsseldorf
Joanna;Düsseldorf;praxis.drreichel@arcor.de;http://www.drruthreichel.de;Düsseldorf
Joanna;Düsseldorf;hennig@zahnarztpraxis-hennig.de;http://www.zahnarztpraxis-hennig.de;Düsseldorf
Joanna;Düsseldorf;info@dr-sniegowski.de;http://www.dr-sniegowski.de;Düsseldorf
Joanna;Düsseldorf;praxis@dr-kochhan.de;http://www.dr-kochhan.de;Düsseldorf
Joanna;Düsseldorf;info@zahnskulptur.de;http://www.zahnskulptur.de;Düsseldorf
Joanna;Düsseldorf;info@john-chanteaux.de;https://www.docinsider.de/hans-dieter-john;Düsseldorf
Joanna;Düsseldorf;info@zahnarzt-koegalerie.de;http://www.zahnarzt-koegalerie.de;Düsseldorf
Joanna;Düsseldorf;info@dentaparks.de;https://www.dentaparks.de/;Düsseldorf
Joanna;Düsseldorf;info@drboeger.de;https://bitcoin-superstar.de;Düsseldorf
Joanna;Düsseldorf;info@zahnmedizin-kettel.de;https://www.zahnmedizin-kettel.de/;Düsseldorf
Zahnzentrum;Berlin;info@zahnaerztin-neukoelln.de;https://www.zahnaerztin-neukoelln.de;Berlin
Zahnzentrum;Berlin;info@za-reinhardt.de;https://www.za-reinhardt.de;Berlin
Zahnzentrum;Berlin;info@zahnzentrumneukoelln.de;https://www.zahnzentrumneukoelln.de;Berlin
Zahnzentrum;Berlin;info@zahnarzt-alt-lichtenrade.de;http://www.zahnarzt-alt-lichtenrade.de;Berlin
Zahnzentrum;Berlin;info@zahnarzt-rose.de;http://www.zahnarzt-rose.de;Berlin
Zahnzentrum;Berlin;info@odontik.de;http://www.odontik.de;Berlin
Zahnzentrum;Berlin;info@ku64.de;https://ku64.de;Berlin
Zahnzentrum;Berlin;dr.ennomijatovic@gmx.de;https://www.zahnarzt-team-spandau.de/;Berlin
Zahnzentrum;Berlin;info@zaehne-berlin.de;http://www.zaehne-berlin.de;Berlin
Zahnzentrum;Berlin;info@diezahnarztpraxis.info;http://www.diezahnarztpraxis.info;Berlin
Zahnzentrum;Berlin;rezeption@jandtkrone.de;http://www.jandtkrone.de;Berlin
Zahnzentrum;Berlin;carola.pauli@gmx.de;http://www.drpauli.de;Berlin
Zahnzentrum;Berlin;info@zahndoc-schmitt.de;http://www.zahndoc-schmitt.de;Berlin
Zahnzentrum;Berlin;praxis.dr.fiedler@t-online.de;https://www.zahnarzt-fiedler-berlin.de;Berlin
Zahnzentrum;Berlin;info@baumbach-zahnarzt.de;http://www.baumbach-zahnarzt.de;Berlin
Zahnzentrum;Berlin;praxis@zahnaerzte-oraniendamm45.de;http://www.zahnaerzte-oraniendamm45.de;Berlin
Zahnzentrum;Berlin;mail@dr-lieck.de;http://www.dr-lieck.de;Berlin
Zahnzentrum;Berlin;info@zahnaerzte-hermsdorf.de;http://www.zahnaerzte-hermsdorf.de;Berlin
Zahnzentrum;Berlin;info@zahnarzt-in-wedding.de;https://www.zahnarzt-in-wedding.de;Berlin
Zahnzentrum;Berlin;dr.jasmina.riedel@gmx.de;https://www.dr-riedel-zahnarztpraxis.de;Berlin
Zahnzentrum;Berlin;praxis.loehneysen@t-online.de;http://www.bfb.de;Berlin
Zahnzentrum;Berlin;info@zahnarzt-dr-pernell.de;http://www.zahnarzt-dr-pernell.de;Berlin
Zahnzentrum;Berlin;rezeption@zahnarztpraxis-kirchhoff.de;https://www.zahnarztpraxis-kirchhoff.de;Berlin
Zahnzentrum;Berlin;info@zahnarzt-piosik.de;https://www.zahnarzt-piosik.de/;Berlin
Zahnzentrum;Berlin;info@zahnaerzte-berlin-charlottenburg.de;https://www.zahnaerzte-berlin-charlottenburg.de;Berlin
Zahnzentrum;Berlin;za@zahnarzt-zirkler.de;http://www.zahnarzt-zirkler.de;Berlin
Zahnzentrum;Berlin;info@zap-marquardt.de;http://www.bfb.de;Berlin
Zahnzentrum;Berlin;drs.schleithoff@gmail.com;http://www.zahnarztpraxis-tempelhof-city.de;Berlin
Zahnzentrum;Berlin;praxis-Bertelmann@t-online.de;http://www.praxis-bertelmann.de;Berlin
Zahnzentrum;Berlin;info@didner-zahn.de;https://www.didner-zahn.de;Berlin
Zahnzentrum;Berlin;info@paroprophy.de;https://www.paroprophy.de;Berlin
Zahnzentrum;Berlin;zahnarzt-dr.weik@gmx.de;https://www.docinsider.de/ulrich-weik;Berlin
Zahnzentrum;Berlin;zahnaerztin.k.schoenfeldt@outlook.de;https://www.katja-schoenfeldt.de;Berlin
Zahnzentrum;Berlin;cp-praxis@web.de;https://www.drpauli.de;Berlin
Zahnzentrum;Berlin;mail@paropraxisberlin.de;https://paropraxisberlin.de;Berlin
Zahnzentrum;Berlin;zahnarztglaser@web.de;http://www.zahnarztpraxis-glaser.de;Berlin
Zahnzentrum;Berlin;praxis-kretschmer@arcor.de;http://www.zahnarztpraxis-andreas-kretschmer.de;Berlin
Zahnzentrum;Berlin;zap-dr.sylaff@gmx.de;http://www.arzttermine.de;Berlin
Zahnzentrum;Berlin;praxis@zahnaerzte-pagel.de;http://www.zahnaerzte-pagel.de;Berlin
Zahnzentrum;Berlin;info@berliner-kieferorthopaede.de;https://www.berliner-kieferorthopaede.de;Berlin
Zahnzentrum;Berlin;mitte@spange-na-klar.de;http://www.kieferorthopaede-berlin.de;Berlin
Zahnzentrum;Berlin;info@zahnboegen.de;http://www.zahnboegen.de;Berlin
Zahnzentrum;Berlin;info@vettin-meissner.de;http://www.vettin-meissner.de;Berlin
Zahnzentrum;Berlin;praxis@zahnarzt-kronprinzenkarree.de;https://www.zahnarzt-bethig.de;Berlin
Dr.;München;empfang@praxis-polack.de;https://www.praxis-polack.de/;München
Dr.;München;weller@praxisweller.de;http://www.praxisweller.de;München
Dr.;München;info@dr-alvir.de;https://www.dr-alvir.de/;München
Dr.;München;isabella@von-bukowski.de;http://www.isabella-von-bukowski.de;München
Dr.;München;info@dr-martin-frank.de;https://www.dr-martin-frank.de/;München
Dr.;München;dr-silvia-aigner@t-online.de;https://www.dr-silvia-aigner.de/;München
Dr.;München;praxis@zk6.de;http://www.zk6.de;München
Dr.;München;dr.m.brand@gmx.de;http://www.zahnaerztin-dr-brand.de;München
Dr.;München;zahnmedizin-dr.entorf@web.de;https://www.zahnmedizin-krailling.de;München
Dr.;München;info@praxis-durst.de;https://zahnarzt-muenchen-harlaching.de/;München
Dr.;München;info@zahnarztpraxis-verdistrasse.de;http://www.zahnarztpraxis-verdistrasse.de/;München
Dr.;München;pasingzahn@t-online.de;http://www.pasingzahn.de/;München
Dr.;München;info@smilefit.de;https://smilefit.de/;München
Dr.;München;praxis-dr.laser@t-online.de;http://www.zahnarzt-drlaser.de;München
Dr.;München;dres.michaelides@t-online.de;https://michaelides-zahnaerzte.de;München
Dr.;München;Info@Praxis-Kinner.de;https://www.praxis-kinner.de/;München
Dr.;München;info@binder-zahnarzt.de;https://zahnarzt-muenchen-ramersdorf.de/;München
Dr.;München;info@zahnarzt-ruh.de;https://www.zahnarzt-ruh.de/;München
Dr.;München;zahnarztpraxis.spett@mnet-online.de;http://www.zahnarztpraxis-spett.de;München
Dr.;München;info@zahnarzt123.de;https://zahnarzt-muenchen-nymphenburg.de/;München
Dr.;München;zahnarztfeimer@aol.com;https://www.zahnarztpraxis-feimer.de/;München
Dr.;München;praxis@zahnarztpraxis-heer.de;http://www.zahnarztpraxis-heer.de/;München
Dr.;München;praxis@white-ways.de;http://www.white-ways.de;München
Dr.;München;info@zahnaerzte-karlsplatz.de;https://zahnaerzte-karlsplatz.de;München
Dr.;München;praxis@kfo-am-gasteig.de;https://www.kfo-am-gasteig.de/;München
Dr.;München;info@kfopasing.de;http://www.kfopasing.de/;München
Dr.;München;kontakt@dr-zaboulas.de;https://www.dr-zaboulas.de;München
Dr.;München;dany242001@yahoo.de;https://www.drbalan-zahnarzt.de/;München
Dr.;München;info@zahnarzt-dr-hoerger.de;http://www.zahnarzt-dr-hoerger.de;München
Dr.;München;kontakt@kfo-solln.de;http://www.kfo-solln.de;München
Dr.;München;info@zahnaerzte-ruck.de;http://www.zahnaerzte-ruck.de;München
Dr.;München;pink@max34.de;http://www.max34.de;München
Dr.;München;info@drdietz.de;http://www.drdietz.de;München
Dr.;München;praxis@zahnarzt-drseifert.de;http://www.zahnarzt-drseifert.de;München
Dr.;München;praxis@diezahnaerzte-muenchen.de;http://www.diezahnaerzte-muenchen.de;München
Dr.;München;info@zahnarztpraxis-stachus.de;https://www.zahnarztpraxis-stachus.de/;München
Dr.;München;mail@dr-wood.com;http://www.dr-wood.com;München
Dr.;München;praxis@dr-forer.de;http://www.dr-forer.de;München
Dr.;München;info@praxis-drgeisler.de;http://www.praxis-drgeisler.de;München
Dr.;München;info@dr-nicola-huber.de;http://www.dr-nicola-huber.de;München
Dr.;München;kontakt@dr-andreas-pflug.de;http://www.dr-andreas-pflug.de;München
Dr.;München;info@vanin.de;http://www.vanin.de;München
Dr.;München;praxis@drjasper.de;http://www.drjasper.de;München
Dr.;München;praxis@dr-geissler.com;https://www.privatzahnarzt-muenchen.de;München
Dr.;München;praxis@za-klein.de;http://www.za-klein.de;München
AllDent;GmbH;info@zap-wostratzky.de;https://zahnaerzte-im-forum-am-bruehl-leipzig.de;Leipzig
AllDent;GmbH;info@zahnspange-leipzig.de;http://www.zahnspange-leipzig.de;Leipzig
AllDent;GmbH;info@zahnarzpraxis-koerner.de;http://www.zahnarztpraxis-koerner.de;Leipzig
AllDent;GmbH;info@zahnart-leipzig.de;http://www.zahnart-leipzig.de;Leipzig
AllDent;GmbH;media@smile-health.de;https://www.smile-health-leipzig.de;Leipzig
AllDent;GmbH;mail@zahnarztpraxis-am-loehrs-carre.de;http://www.zahnarztpraxis-am-loehrs-carre.de;Leipzig
AllDent;GmbH;kontakt@zahnarztpraxis-wendt.com;https://www.zahnarztpraxis-wendt.com;Leipzig
AllDent;GmbH;klaudia.kubina@zahnfee.de;https://www.zahnfee-leipzig.de/;Leipzig
AllDent;GmbH;info@zahnarztpraxis-am-bruehl.de;http://www.zahnarztpraxis-am-bruehl.de;Leipzig
AllDent;GmbH;rezeption@zahnarzt-karli1.de;https://www.zahnarzt-karli1.de/;Leipzig
AllDent;GmbH;patienten@zahnarztp.de;http://www.zahnarztp.de;Leipzig
AllDent;GmbH;mail@za-leipzig.de;http://www.za-leipzig.de;Leipzig
AllDent;GmbH;info@zahnarzt-dr-linke.de;http://www.zahnarzt-dr-linke.de;Leipzig
AllDent;GmbH;info@dr-kohlhase.de;http://www.dr-kohlhase.de;Leipzig
AllDent;GmbH;info@zahnarzt-leipzig.dental;https://www.zahnarzt-leipzig.dental;Leipzig
AllDent;GmbH;zap.bachmann@googlemail.com;https://www.zap-drbachmann-leipzig.de;Leipzig
AllDent;GmbH;info@zahnarztpraxis-schuermann.de;https://zahnarztpraxis-schuermann.de;Leipzig
AllDent;GmbH;kontakt@zahnarzt-leipzig-zentrumsued.de;https://www.zahnarzt-leipzig-zentrumsued.de;Leipzig
AllDent;GmbH;praxis@paul-zahnaerzte.de;http://www.paul-zahnaerzte.de;Leipzig
AllDent;GmbH;info@praxis-dr-jung.de;https://www.praxis-dr-jung.de;Leipzig
AllDent;GmbH;nilswidera@gmx.de;http://www.endodontie-in-leipzig.de;Leipzig
AllDent;GmbH;praxis@dr-luettge.de;https://dr-luettge.de;Leipzig
AllDent;GmbH;zap-kniesche-winter@freenet.de;https://www.zahnarztpraxis-kniesche.de;Leipzig
AllDent;GmbH;praxis@dr-krause.de;http://www.dr-krause.de;Leipzig
AllDent;GmbH;info@ZahnTeam-Leipzig.de;https://www.zahnteam-leipzig.de;Leipzig
AllDent;GmbH;info@zahnarzt-leidhold.de;http://zahnarzt-leidhold.de;Leipzig
AllDent;GmbH;info@praxis-dr-gaitzsch.de;http://www.praxis-dr-gaitzsch.de;Leipzig
AllDent;GmbH;dr.gabrielefreiberg@web.de;https://www.docinsider.de/gabriele-freiberg;Leipzig
AllDent;GmbH;info@zahnarztpraxis-west.de;http://www.zahnarztpraxis-west.de;Leipzig
;;doc-sponholz1@hotmail.de;https://www.zahnarzt-sponholz.de;Essen
;;praxis@zahn-essen.de;https://www.zahn-essen.de;Essen
;;info@darwident.de;https://darwi-dent.de;Essen
;;info@fachzahnaerzte.ruhr;http://www.zahnarzt-mersmann.de;Essen
;;praxis@dr-grotkamp.de;http://www.dr-grotkamp.de;Essen
;;info@zahnarztpraxis-siemund.de;http://www.zahnarztpraxis-siemund.de;Essen
;;voss.pr@t-online.de;http://www.zahnarzt-dr-voss.de/;Essen
;;dr.klauer@gmx.de;https://www.sutter-local-media.de;Essen
;;info@burchardt-net.de;https://www.zahnarzt-essen-west.de/;Essen
;;praxis@zahnarzt-dyckhoff.de;http://www.zahnarzt-dyckhoff.de;Essen
;;info@praxis-dr-zadeh.de;http://www.praxis-dr-zadeh.de;Essen
;;lbialasinski@web.de;http://www.zahnarzt-heisingen.de;Essen
;;praxis.kipp-schlegel@cneweb.de;http://www.zahnaerzte-kipp-schlegel.de;Essen
;;info@zahnarzt-falkenberger.de;http://www.zahnarzt-falkenberger.de;Essen
;;info@zahnaerzte-beermann.de;http://www.zahnaerzte-beermann.de;Essen
;;info@drgruenhagen.de;http://www.drgruenhagen.de;Essen
;;dres.albers_wagner-albers@t-online.de;https://www.dralbers-coll.com/;Essen
;;zahnarzt@dr-fuerst.com;https://www.sutter-local-media.de;Essen
;;info@zahnaerzte-muelheim.de;https://www.zahnaerzte-muelheim.de;Essen
;;info@dr-kiwitz.de;https://www.dr-kiwitz.de/;Essen
;;drkaihagemann@onlinehome.de;http://www.spange-hagemann.de;Essen
;;info@zahnarzt-praxisgemeinschaft-essen.de;https://www.zahnarzt-praxisgemeinschaft-essen.de/;Essen
;;smile@dr-marzi.de;https://www.dr-marzi.de/;Essen
;;info@meinlachen.de;https://meinlachen.de/;Essen
;;info@zahnheilkunde-kuhn.de;http://www.zahnheilkunde-kuhn.de;Essen
;;bio-kfo@t-online.de;https://bioprogressive-kieferorthopaedie.com/;Essen
;;mail@dres-schnitzler.de;https://www.dres-schnitzler.de;Essen
;;info@praxis-diedrich.de;http://www.praxis-diedrich.de;Essen
AllDent;GmbH;zahnarztpraxis.lenk@online.de;http://www.zahnarztpraxis-lenk.de;Dresden
AllDent;GmbH;zaph@gmx.net;http://www.sachsenverlag.de;Dresden
AllDent;GmbH;info@zsmk.de;http://www.zsmk.de;Dresden
AllDent;GmbH;post@drgolbs.de;http://www.drgolbs.de;Dresden
AllDent;GmbH;mail@zahnaerzte-wittig.de;http://www.zahnaerzte-wittig.de/;Dresden
AllDent;GmbH;info@praxis-haertel.de;http://www.praxis-haertel.de;Dresden
AllDent;GmbH;info@zaobst-dresden.de;http://www.zaobst-dresden.de;Dresden
AllDent;GmbH;zahnarztpraxis.dr.wolff@gmail.com;http://www.zahnarztpraxis-wolff-dresden.de;Dresden
AllDent;GmbH;zahn-venus@gmx.de;http://www.sachsenverlag.de;Dresden
AllDent;GmbH;info@dresden-kieferorthopaedie.de;https://www.dresden-kieferorthopaedie.de/;Dresden
AllDent;GmbH;praxis@luck-hansen.de;http://www.luck-hansen.de;Dresden
AllDent;GmbH;info@zahnarzt-salomon.de;https://www.zahnarzt-salomon.de/;Dresden
AllDent;GmbH;info@zahnarztpraxis-luedicke.de;http://www.zahnarztpraxis-luedicke.de/;Dresden
AllDent;GmbH;info@zahnarzt-am-postplatz.de;https://www.zahnarzt-am-postplatz.de;Dresden
AllDent;GmbH;kontakt@drheider.de;http://www.drheider.de/;Dresden
AllDent;GmbH;info@zahnaerzte-buergerwiese.de;https://www.zahnaerzte-buergerwiese.de/ueber_uns/;Dresden
AllDent;GmbH;zahnarztpraxis-peikert@online.de;http://www.zahnarztpraxis-peikert.de;Dresden
AllDent;GmbH;dr.lutzgoetze@web.de;https://zahnarzt-dresden-goetze.de/;Dresden
AllDent;GmbH;info@zahnarztpraxis-dr-bartsch.de;https://www.zahnarztpraxis-dr-bartsch.de;Dresden
AllDent;GmbH;info@zahndoktor-eismann.de;https://www.zahndoktor-eismann.de;Dresden
AllDent;GmbH;j.prochnow@freenet.de;https://www.zahnarztprochnowdresden.de;Dresden
AllDent;GmbH;kontakt@zahnarzt-metzler.de;https://www.zahnarzt-metzler.de/;Dresden
AllDent;GmbH;zahnarztpraxis.dr.blitz@freenet.de;https://dresden.stadtbranchenbuch.com/4441049.html;Dresden
AllDent;GmbH;praxis@kuehnoel.de;http://www.kuehnoel.de;Dresden
AllDent;GmbH;info@marcolini-praxis.de;https://marcolini-praxis.de/;Dresden
AllDent;GmbH;ines-johanna-stier@gmx.de;https://dresden.stadtbranchenbuch.com/782760.html;Dresden
AllDent;GmbH;info@zahnarzt-dresden.de;https://www.zahnarzt-dresden.de/;Dresden
AllDent;GmbH;mail@dr-linek.de;https://www.dresden-oralchirurgie.de;Dresden
AllDent;GmbH;praxis@zahnarztsturm.de;http://zahnarztsturm.de;Dresden
AllDent;GmbH;info@zahnarzt-semmler.de;https://zahnarzt-semmler.de/;Dresden
AllDent;GmbH;info@zahnarzt-am-roland.de;http://www.zahnarzt-am-roland.de;Bremen
AllDent;GmbH;info@praxisnielsen.de;http://www.praxisnielsen.de;Bremen
AllDent;GmbH;gojnic@t-online.de;http://www.zahnaerzte-gojnic.de;Bremen
AllDent;GmbH;za-krueger@onlinehome.de;http://www.zahnarztpraxis-dr-krueger.de;Bremen
AllDent;GmbH;dr.h.Saathoff@t-online.de;https://schluetersche-marketing.de;Bremen
AllDent;GmbH;dirk.stoltenburg@gmx.de;http://www.praxis-stoltenburg.de;Bremen
AllDent;GmbH;info@zahnarztpraxis-does.de;http://www.zahnarztpraxis-does.de;Bremen
AllDent;GmbH;info@dr-kaiser-schumacher.de;http://www.dr-kaiser-schumacher.de;Bremen
AllDent;GmbH;za-ebeling@t-online.de;http://www.za-ebeling.de;Bremen
AllDent;GmbH;info@zahnaerzte-hoehns-drhuang.de;http://www.zahnaerzte-hoehns-drhuang.de;Bremen
AllDent;GmbH;jan@praxis-dr-holstermann.de;http://www.praxis-dr-holstermann.de;Bremen
AllDent;GmbH;info@zahnaertzte-jungholt-seyer.de;http://www.zahnaerzte-jungholt-seyer.de;Bremen
AllDent;GmbH;kontakt@zahnspange-hb.de;http://www.zahnspange-hb.de;Bremen
AllDent;GmbH;info@dr-dr-nahas.de;http://www.dr-dr-nahas.de;Bremen
AllDent;GmbH;info@zahnteam-bremen.de;http://www.zahnteam-bremen.de;Bremen
AllDent;GmbH;osw@stahlberg-partner.de;http://www.stahlberg-partner.de;Bremen
AllDent;GmbH;wilke.siemons2@ewetel.net;http://www.zahnarztpraxis-siemons.de;Bremen
AllDent;GmbH;kontakt@siegmund-zahnarztpraxis.de;http://www.siegmund-zahnarztpraxis.de;Bremen
AllDent;GmbH;Dr.Petra@Ruehenbeck.de;http://www.ruehenbeck.de;Bremen
AllDent;GmbH;ow@maxbenedikt.de;https://veradent.de;Bremen
AllDent;GmbH;praxis@mkg-hb.de;https://www.kieferchirurgie-bremen.eu/;Bremen
AllDent;GmbH;TorbenIlner@gmx.de;http://www.dr-ilner.de;Bremen
AllDent;GmbH;dres.nensa@gmx.net;http://www.zahnarztseiten.de;Bremen
AllDent;GmbH;praxis.seidemann@web.de;https://zahnarzt-seidemann.de;Bremen
AllDent;GmbH;mail@drbausdorf.com;https://www.drbausdorf-zahnarzt-bremen.de;Bremen
AllDent;GmbH;mail@zahnarzt-friedrichs.de;http://www.zahnarzt-friedrichs.de;Bremen
AllDent;GmbH;praxis@drburggraf.de;http://www.drburggraf.de;Bremen
AllDent;GmbH;info@majlounges.de;http://www.maj-dent.de;Bremen
AllDent;GmbH;info@zaehne-bremen.de;http://www.zaehne-bremen.de;Bremen
AllDent;GmbH;drwascher@t-online.de;http://drwascher.de;Bremen
AllDent;GmbH;info@dr-haferkamp.de;https://www.dr-haferkamp.de;Bremen
AllDent;GmbH;info@drlindemann.de;http://www.drlindemann.de;Bremen
AllDent;GmbH;info@zahnarzt-pein.de;http://www.zahnarzt-pein.de;Bremen
AllDent;GmbH;uwe.knopfe@ewetel.net;https://zahnarzt-knopfe.de;Bremen
AllDent;GmbH;info@zahnarztpraxis-plaettner.de;http://www.zahnarztpraxis-plaettner.de;Bremen
AllDent;GmbH;info@zahnaerzte-findorff.de;http://www.zahnaerzte-findorff.de;Bremen
AllDent;GmbH;regina.kolem@online.de;http://www.bremen-zahnarzt.com;Bremen
AllDent;GmbH;info@praxis-hufschmidt.de;https://www.zahnarztpraxis-hufschmidt.de;Bremen
;;info@zahnarztpraxis-teschner.de;http://www.zahnarztpraxis-teschner.de;Hannover
;;praxis@diezahnaerztinnen.de;http://www.diezahnaerztinnen.de;Hannover
;;post@praxis-bollwein.de;http://www.praxis-bollwein.de;Hannover
;;praxis@bube-meise.de;http://www.bube-meise.de;Hannover
;;info@zahnarzt-ludwig-hannover.de;http://www.zahnarzt-ludwig-hannover.de;Hannover
;;kontakt@dental-art.net;http://www.dental-art-fundulea.de;Hannover
;;praxis@zahnarzt-linden.de;http://www.zahnarzt-linden.de;Hannover
;;info@zahnaerzte-kirchrode.de;http://www.zahnaerzte-kirchrode.de;Hannover
;;info@hannover-suedstadt-zahnarzt.de;http://www.hannover-suedstadt-zahnarzt.de;Hannover
;;info@zahnaerztinnen-hannover.de;http://www.zahnaerztinnen-hannover.de;Hannover
;;info@meinzahnarzthannover.de;http://www.meinzahnarzthannover.de;Hannover
;;praxis@dr-ostermann.de;http://www.dr-ostermann.de;Hannover
;;praxis@dr-riebeck.de;http://www.dr-riebeck.de;Hannover
;;info@zahnarztpraxis-buenger.de;http://www.zahnarztpraxis-buenger.de;Hannover
;;info@doktorfedder.de;https://doktorfedder.de/;Hannover
;;info@praxis-haker.de;http://praxis-haker.de;Hannover
;;info@mein-zahnarzt-hannover.de;http://www.mein-zahnarzt-hannover.de;Hannover
;;info@360-ihre-zahnaerztinnen.de;http://www.360-ihre-zahnaerztinnen.de;Hannover
;;info@dr-kruckenberg.de;http://www.dr-kruckenberg.de;Hannover
;;dr.susannelappe@htp-tel.de;https://schluetersche-marketing.de;Hannover
;;za-am@t-online.de;https://schluetersche-marketing.de;Hannover
;;email@zameyer.de;http://www.zameyer.de;Hannover
;;info@zahnarzt-kirchrode.de;http://www.zahnarzt-kirchrode.de;Hannover
;;mirkophilipp@t-online.de;http://www.zahnarzt-mirkophilipp.de;Hannover
;;olaf-schellwald@t-online.de;http://www.schellwald-hannover.de;Hannover
;;info@zahnarztpraxis-hennecke.de;http://www.zahnarztpraxis-Hennecke.de;Hannover
;;info@zahnarztpraxis-peyvandi.de;http://www.zahnarztpraxis-peyvandi.de;Hannover
;;info@zahnarztpraxis-luckhaus.de;http://www.zahnarztpraxis-luckhaus.de;Hannover
;;info@gilborn.com;http://www.gilborn.com;Hannover
;;info@kfo-tschiche.de;http://www.kfo-tschiche.de;Hannover
;;steding@zaehne-an-der-leine.de;http://www.zaehne-an-der-leine.de;Hannover
;;info@kfo-bauss.de;http://www.hannover-kieferorthopädie.de;Hannover
;;info@za-schroeder.de;http://zahnarzt-schroeder-hannover.de;Hannover
;;praxis@zahnarzt-walter.de;http://www.zahnarzt-walter.de;Hannover
;;info@hannover-zahnarzt.com;https://www.doctordigeloudis.com;Hannover
;;info@drguel.de;http://www.drguel.de;Hannover
;;info@zahnarzt-thiele-hannover.de;http://www.zahnarzt-thiele-hannover.de;Hannover
;;info@praxis-stankovic.de;http://www.praxis-stankovic.de;Hannover
Implantat-Zentrum;Bielefeld;zahnimblick@t-online.de;http://www.zahnimblick.de;Bielefeld
Implantat-Zentrum;Bielefeld;zahnarzt-specht@bitel.net;http://www.zahnarzt-quelle.de;Bielefeld
Implantat-Zentrum;Bielefeld;info@zahnarzt-badura.de;http://www.zahnarzt-badura.de;Bielefeld
Implantat-Zentrum;Bielefeld;mail@praxis-nienstedt.de;http://www.praxis-nienstedt.de;Bielefeld
Implantat-Zentrum;Bielefeld;info@zahnarztpraxis-vanrijt.de;http://www.zahnarztpraxis-vanrijt.de;Bielefeld
Implantat-Zentrum;Bielefeld;dr.pfeifer@t-online.de;http://www.dr-pfeifer-zahnarzt.de;Bielefeld
Implantat-Zentrum;Bielefeld;info@implantologie-gt.de;http://www.implantologie-gt.de;Bielefeld
Implantat-Zentrum;Bielefeld;info@zahnaerzte-lehmann.de;http://www.zahnaerzte-lehmann.de;Bielefeld
Implantat-Zentrum;Bielefeld;info@wensing-und-koenig.de;http://www.wensing-und-koenig.de;Bielefeld
Implantat-Zentrum;Bielefeld;info@implantologie-pars.de;http://www.praxis-pars.de;Bielefeld
Implantat-Zentrum;Bielefeld;info@kfo-wellehaus.de;http://www.kfo-wellehaus.de;Bielefeld
Implantat-Zentrum;Bielefeld;praxis@kfo-wellen.de;http://www.kfo-wellen.de;Bielefeld
Implantat-Zentrum;Bielefeld;info@praxis-zwanzig.de;http://www.praxis-zwanzig.de;Bielefeld
Implantat-Zentrum;Bielefeld;kontakt@kfo-bielefeld.de;http://www.kfo-bielefeld.de;Bielefeld
Implantat-Zentrum;Bielefeld;zahnarztpraxis-pijahn@gmx.de;http://www.zahnarzt-pijahn.de;Bielefeld
Implantat-Zentrum;Bielefeld;info@zahnarztpraxis-kayar.de;https://www.zahnarztpraxis-kayar.de;Bielefeld
Implantat-Zentrum;Bielefeld;praxis.dr.johanning@t-online.de;http://www.praxis-dr-johanning.de;Bielefeld
Implantat-Zentrum;Bielefeld;info@datenschutz-nds.de;http://www.zahnmedizin-dr-hoyer.de;Bielefeld
Implantat-Zentrum;Bielefeld;info@nawartschi.de;http://www.nawartschi.de;Bielefeld
Implantat-Zentrum;Bielefeld;info@may-zahnarzt.de;http://www.may-zahnarzt.de;Bielefeld
Implantat-Zentrum;Bielefeld;kontakt@ruschhaupt.com;http://www.ruschhaupt.com;Bielefeld
Implantat-Zentrum;Bielefeld;info@metallbau-weissenfels.de;https://metallbau-weissenfels.de/;Bielefeld
Implantat-Zentrum;Bielefeld;mail@dentikum.de;http://www.dentikum.de;Bielefeld
Implantat-Zentrum;Bielefeld;praxis@szypajlo.de;https://szypajlo.de;Bielefeld
Implantat-Zentrum;Bielefeld;info@mkg-owl.de;https://www.mkg-owl.de;Bielefeld
Implantat-Zentrum;Bielefeld;info@Dr-Blum.com;http://www.zahnaerzte-bielefeld.de;Bielefeld
Implantat-Zentrum;Bielefeld;info@dr-markiewicz.de;http://www.dr-markiewicz.de;Bielefeld
Implantat-Zentrum;Bielefeld;praxis.schau@t-mail.com;http://www.dr-schau.de;Bielefeld
Implantat-Zentrum;Bielefeld;info@bisspraxis.de;http://www.bisspraxis.de;Bielefeld
Implantat-Zentrum;Bielefeld;ulrike.burk@web.de;http://www.ergo-kids.de;Bielefeld
Implantat-Zentrum;Bielefeld;info@zahnarzt-oles.de;http://www.zahnarzt-oles.de;Bielefeld
Implantat-Zentrum;Bielefeld;info@za-breitenfeld.de;https://www.za-breitenfeld.de;Bielefeld
Implantat-Zentrum;Bielefeld;praxis@zahnenckel.de;http://www.zahnenkel.de;Bielefeld
Implantat-Zentrum;Bielefeld;info@zahnarzt-semmler-bielefeld.de;http://www.zahnarzt-semmler-bielefeld.de;Bielefeld
Implantat-Zentrum;Bielefeld;kontakt@denta-star.de;http://www.implantatzentrum-bielefeld.de;Bielefeld
Implantat-Zentrum;Bielefeld;stute.dr.selectione@t-online.de;http://www.stute-bielefeld.de/;Bielefeld
Implantat-Zentrum;Bielefeld;mail@zahnaerzte-am-niederwall.de;https://www.zahnaerzte-am-niederwall.de;Bielefeld
Implantat-Zentrum;Bielefeld;info@paroplant.com;http://www.paroplant.de;Bielefeld
Implantat-Zentrum;Bielefeld;post@dr-bluemchen.de;http://www.dr-bluemchen.de;Bielefeld
Implantat-Zentrum;Bielefeld;info@schmidt-nonhoff-loehnert.de;https://zahnarzt-bielefeld.dental;Bielefeld
Dentalwerk;Bonn;zahnaerzte-bader@t-online.de;http://www.zahnarztpraxis-bader.de;Bonn
Dentalwerk;Bonn;info@bonnzahnaerzte.de;https://www.greven.de/;Bonn
Dentalwerk;Bonn;praxis@bagambisa.com;http://www.bagambisa.com;Bonn
Dentalwerk;Bonn;praxisdrbecker@freenet.de;http://www.implantologe.de;Bonn
Dentalwerk;Bonn;dr.a.behrend@googlemail.com;http://www.die-zahnarztpraxis-bonn.de;Bonn
Dentalwerk;Bonn;praxis@dr-bormann-bonn.de;http://www.dr-bormann-bonn.de;Bonn
Dentalwerk;Bonn;mail@zahnarzt-in-bonn.de;http://www.zahnarzt-in-bonn.de;Bonn
Dentalwerk;Bonn;Zahnaerztin@gmx.de;http://www.zahnarzt-bonn-choi.de;Bonn
Dentalwerk;Bonn;info@dr-uwe-lawrenz.de;http://www.dr-uwe-lawrenz.de;Bonn
Dentalwerk;Bonn;info@zahnarztbeuel.com;https://www.dentalwerk-bonn.de/;Bonn
Dentalwerk;Bonn;rd@drdeubel.de;http://www.drdeubel.de;Bonn
Dentalwerk;Bonn;info@zahnarztpraxis-friesdorf.de;http://www.dieckhoff-dental.de;Bonn
Dentalwerk;Bonn;praxis@zahnarzt-dilg.de;http://www.zahnarzt-dilg.de;Bonn
Dentalwerk;Bonn;anddittrich@aol.com;https://www.greven.de/;Bonn
Dentalwerk;Bonn;DrEngels@t-online.de;http://www.drengels.de;Bonn
Dentalwerk;Bonn;praxis.bonn@doktor-z.net;http://www.doktor-z.net;Bonn
Dentalwerk;Bonn;info@dr-fandel.de;http://www.dr-fandel.de;Bonn
Dentalwerk;Bonn;praxis@foet.de;http://www.foet.de;Bonn
Dentalwerk;Bonn;info@zahnarzt-fritsch.info;http://www.zahnarzt-fritsch.info;Bonn
Dentalwerk;Bonn;info@fuss-zahnarztpraxis.de;http://www.fuss-zahnarztpraxis.de;Bonn
Dentalwerk;Bonn;info@kfo-wahner.de;http://Kieferorthopädie-am-kap-bonn-beuel.de;Bonn
Dentalwerk;Bonn;info@zahnarzt-winkel.de;http://www.zahnarzt-winkel.de;Bonn
Dentalwerk;Bonn;praxis@kieferorthopaede-troisdorf.de;https://kieferorthopaede-troisdorf.de;Bonn
Dentalwerk;Bonn;DR.OTTERBACH.THOMAS@t-online.de;https://www.docinsider.de/thomas-otterbach;Bonn
Dentalwerk;Bonn;info@praxis-wesner.de;http://www.praxis-wesner.de;Bonn
Dentalwerk;Bonn;info@praxis-kim.com;http://www.praxis-kim.com;Bonn
Dentalwerk;Bonn;praxis@gruettner-schroff-zahnarzt.de;http://www.gruettner-schroff-zahnarzt.de/;Bonn
;;kontakt@praxis-dr-dittmar.de;https://www.praxis-dr-dittmar.de/;Nürnberg
;;zahnarzt@hallplatz.de;https://www.zahnarzt-nuernberg.biz/;Nürnberg
;;ernst_martin.riessner@freenet.de;https://www.zahnarzt-nuernberg-ziegelstein.de;Nürnberg
;;info@zabozahn.de;https://www.zabozahn.de/home/;Nürnberg
;;alexander-buehler@t-online.de;https://sellwerk.de/firmenprofil/buehler-alexander-dr;Nürnberg
;;zapraxis-manikas@t-online.de;http://www.zahnarzt-manikas.de;Nürnberg
;;zahnbeck@yahoo.de;http://www.muellerverlag.de;Nürnberg
;;za.eva.buchele@gmx.de;https://www.gesundheit-in-fuerth.de/gesundheit/anbieter/dr-eva-buchele;Nürnberg
;;info@acunapraxisklinik.de;https://www.drkraeuter.de/;Nürnberg
;;info@zahnarzt-drheger.de;https://zahnarzt-drheger.de/;Nürnberg
;;info@docoppermann.de;https://www.docoppermann.de/;Nürnberg
;;hs-100@web.de;http://www.zahnarzt-schellenberger-fürth.de;Nürnberg
;;info@zahn-zirndorf.de;http://www.zahn-zirndorf.de;Nürnberg
;;praxis@ihre-zahnexperten.de;http://www.ihre-zahnexperten.de;Nürnberg
;;praxis@petschelt.de;https://www.petschelt.de/;Nürnberg
;;info@zahnarzt-rabe.de;https://www.zahnarzt-rabe.de;Nürnberg
;;info@familien-zahnaerzte-fuerth.de;http://www.familien-zahnaerzte-fuerth.de/;Nürnberg
;;Dr.Scholz.Karlheinz@t-online.de;https://fuerth-bayern.stadtbranchenbuch.com/272816.html;Nürnberg
;;info@dr-woelfel.de;https://dr-woelfel.de/;Nürnberg
;;info@drgassenmeier.de;http://www.drgassenmeier.de;Nürnberg
;;info@dr-reinhold.de;https://www.dr-reinhold.de;Nürnberg
;;r.wiessner@t-online.de;http://www.muellerverlag.de;Nürnberg
;;info@keepsmile.de;https://www.keepsmile.de;Nürnberg
;;info@zahnarzt-heerklotz.de;https://www.zahnarzt-heerklotz.de/;Nürnberg
;;info@zahnarzt-gottselig.de;https://www.zahnarzt-gottselig.de;Nürnberg
;;praxis@zahnarzt-botar.de;http://www.zahnarzt-botar.de;Nürnberg
;;info@dent-hr.de;https://www.dent-hr.de;Nürnberg
;;praxis@docsw.de;http://www.docsw.de;Nürnberg
;;dr.petra-hofmann@online.de;https://www.zahnaerztin-kornburg.de/;Nürnberg
;;info@zahnarztpraxis-dr-dehling.de;http://www.zahnarztpraxis-dr-dehling.de;Nürnberg
;;zenkundwagner@t-online.de;https://nuernberg.stadtbranchenbuch.com/1500971.html;Nürnberg
;;info@kaller-hennig.de;http://www.kaller-hennig.de;Nürnberg
;;schueller-bilek@t-online.de;http://www.muellerverlag.de;Nürnberg
;;info@diezahndesigner.de;https://www.diezahndesigner.de/;Nürnberg
;;g.michael.wittmann@t-online.de;https://www.wittmann-zahnarztpraxis.de;Nürnberg
;;info@dr-basel.de;https://www.dr-basel.de;Nürnberg
;;info@zahnarzt-dr-bizau.de;http://www.zahnarzt-dr-bizau.de/;Nürnberg
;;wjsinger@web.de;https://fuerth-bayern.stadtbranchenbuch.com/6647917.html;Nürnberg
;;mail@xygas.de;https://www.xygas.de/;Nürnberg
;;praxisaysu@gmx.de;http://praxis-aysu.de/ueber-uns;Nürnberg
;;zahnarzt.bohner@sghmail.de;https://www.zahnarzt-bohner.de;Nürnberg
;;nuernberg777@gmx.net;https://www.docinsider.de/mathias-hoffmann-1;Nürnberg
;;praxis@zahnarzt-fuchs-braeu.de;https://www.zahnarzt-fuchs-braeu.de;Nürnberg
;;stefan-benker@t-online.de;http://stefan-benker.de;Nürnberg
;;info@zahnarztpraxis-aalai.de;https://www.zahnarztpraxis-aalai.de;Nürnberg
;;info@dr-blaser.de;http://www.dr-blaser.de;Karlsruhe
;;info@zahnarzt-herrmann.de;http://www.zahnarzt-herrmann.de;Karlsruhe
;;info@zahnarzt-weiland.de;http://www.zahnarzt-weiland.de;Karlsruhe
;;praxis@zahnarztpraxis-winter.de;http://www.karlsruhe-zahnarztpraxis.de;Karlsruhe
;;Info@Zahnarzt-Borho.de;http://www.zahnarzt-borho.de;Karlsruhe
;;info@bursianis.de;http://www.bursianis.de;Karlsruhe
;;info@kinderzahn-damian.de;http://www.kinderzahn-damian.de;Karlsruhe
;;info@zahnarzt-heimann.de;http://www.zahnarzt-heimann.de;Karlsruhe
;;info@zahnaerztin-durlach.de;https://www.zahnaerztin-durlach.de;Karlsruhe
;;info@dent-fit.de;https://www.zahnarztpraxis-karlsruhe.de;Karlsruhe
;;ulrike.heiden@t-online.de;https://schluetersche-marketing.de;Karlsruhe
;;dr.oliver.pongratz@t-online.de;http://www.dr-pongratz-implantate.de;Karlsruhe
;;christian_klumpen@yahoo.de;http://www.kieferorthopaedie-ettlingen.de;Karlsruhe
;;info@praxis-dr-wilde.de;https://praxis-dr-wilde.de;Karlsruhe
;;info@zahnarztpraxis-am-ludwigsplatz.de;http://www.lipecki-abicht.de;Karlsruhe
;;zahnaerzte@zahnaerzte-dres-klein.de;http://www.zahnaerzte-dres-klein.de;Karlsruhe
;;info@zahn-okay.de;http://www.zahn-okay.de;Karlsruhe
;;info@winlocal.de;http://www.winlocal.de;Karlsruhe
;;praxis@Zahnarzt-Ruder.de;http://www.zahnarzt-ruder.de;Karlsruhe
;;info@praxis-dr-boehme.de;http://www.praxis-dr-boehme.de;Karlsruhe
;;impressum@dr-matthias-fischer.de;http://dr-matthias-fischer.de;Karlsruhe
;;KFO-Dr-Moser@web.de;http://www.dr-matthias-moser.de;Karlsruhe
;;dr-wagner@email.de;http://www.dr-tanja-wagner.de;Karlsruhe
;;datenschutz@zahnmedizin-dr-bauer.de;http://www.zahnmedizin-dr-bauer.de;Karlsruhe
;;drVolkerBracher@msn.com;https://www.docinsider.de/volker-bracher;Karlsruhe
;;info@zahnarzt-oehler.de;http://www.zahnarzt-oehler.de;Karlsruhe
;;zahnklee@gmx.de;http://www.zahnklee.de;Karlsruhe
;;zaboldyreff@web.de;http://www.boldyreff.de;Karlsruhe
;;info@helga-maier.de;https://www.helga-maier.de;Karlsruhe
;;info@zahnarzt-boersig.de;http://www.zahnarzt-boersig.de;Karlsruhe
;;info@dentid.de;http://www.dentid.de;Karlsruhe
;;info@zahnarzt-suedweststadt.de;https://www.zahnarzt-suedweststadt.de;Karlsruhe
;;rezeption-drkelsch@web.de;http://www.dr-kelsch.de;Karlsruhe
;;farahanipraxis@gmail.com;https://www.ka-zahnarzt.de;Karlsruhe
;;info@kfo-walde.de;https://www.kieferorthopaedie-karlsruhe.de;Karlsruhe
;;info@dent-herrmann.de;https://www.dent-herrmann.de;Karlsruhe
;;info@hg-zahnarzt.de;http://www.hg-zahnarzt.de/;Karlsruhe
;;info@zahnarzt-wjal.de;http://www.zahnarzt-wjal.de;Karlsruhe
;;info@zahnarztpraxis-hardt.de;http://www.zahnarztpraxis-hardt.de;Karlsruhe
;;praxis@kieferorthopaedie-karlsruhe.info;https://www.kieferorthopaedie-karlsruhe.info;Karlsruhe
;;info@zahnarztpraxis-friesen.de;http://www.zahnarztpraxis-friesen.de;Karlsruhe
AllDent;GmbH;info@marsch-marsch.de;http://www.marsch-marsch.de;Mannheim
AllDent;GmbH;praxis@ingrid-au.de;http://www.ingrid-au.de;Mannheim
AllDent;GmbH;praxis@praxis-bauder.de;http://www.praxis-bauder.de;Mannheim
AllDent;GmbH;praxis@zahnaerzte-wilz-rollnik.de;http://www.zahnaerzte-wilz-rollnik.de;Mannheim
AllDent;GmbH;praxis-nug@hotmail.de;https://schluetersche-marketing.de;Mannheim
AllDent;GmbH;info@zahnarzt-roland.net;http://www.zahnarzt-roland.net;Mannheim
AllDent;GmbH;info@zahnaerzte-kunsthalle.de;https://www.zahnaerzte-kunsthalle.de/;Mannheim
AllDent;GmbH;info@zahnarztpraxis-bachmeier.de;http://WWW.zahnarztpraxis-bachmeier.de;Mannheim
AllDent;GmbH;bedumm@t-online.de;http://www.dr-dumm.de;Mannheim
AllDent;GmbH;dr.heino-kraft@gmx.de;https://schluetersche-marketing.de;Mannheim
AllDent;GmbH;praxis@mannheimer-zahnarzt.de;https://www.mannheimer-zahnarzt.de;Mannheim
AllDent;GmbH;info@dres-weickum.de;http://www.dres-weickum.de;Mannheim
AllDent;GmbH;praxis@zahnarztpraxis-am-rebstock.de;http://www.zahnarztpraxis-am-rebstock.de;Mannheim
AllDent;GmbH;info@zahnarztpraxis-hemsbach.de;http://www.zahnarztpraxis-hemsbach.de;Mannheim
AllDent;GmbH;info@zahnarztpraxis-dr-ruppert.de;http://www.zahnarztpraxis-dr-ruppert.de;Mannheim
AllDent;GmbH;praxis@zahnarzt-luetzenkirchen.de;http://www.zahnarzt-luetzenkirchen.de;Mannheim
AllDent;GmbH;kontakt@schmitt-kfo.de;http://www.schmitt-kfo.de;Mannheim
AllDent;GmbH;info@hondralis.de;https://www.hondralis.de/prophylaxe-center/;Mannheim
AllDent;GmbH;info@dr-rossi.de;http://www.dr-rossi.de;Mannheim
AllDent;GmbH;info@diezahnspange-ma.de;http://diezahnspange-ma.de/;Mannheim
AllDent;GmbH;info@zahnarzt-hensel.de;http://www.zahnarzt-hensel.de;Mannheim
AllDent;GmbH;kfo-hoeckergross@t-online.de;http://www.kieferorthopaedie-ludwigshafen.de;Mannheim
AllDent;GmbH;praxis@kfo-gerkhardt.de;https://www.docinsider.de/klaus-gerkhardt;Mannheim
AllDent;GmbH;praxiskuntz@t-online.de;http://www.zahnarztpraxis-kuntz.de;Mannheim
AllDent;GmbH;info@dr-brockhaus.com;http://www.dr-brockhaus.com;Mannheim
AllDent;GmbH;a.frey@kfo-mannheim.de;http://www.kfo-mannheim.de;Mannheim
AllDent;GmbH;zahnarztpraxis-port@t-online.de;http://www.zahnarztpraxis-regina-port.de;Mannheim
AllDent;GmbH;zahnarztpraxishaas@freenet.de;http://www.haas-zahnarztpraxis.de;Mannheim
AllDent;GmbH;freter@mannheim-zahnarzt.de;https://www.mannheim-zahnarzt.de/;Mannheim
AllDent;GmbH;kontakt@ihr-zahnarzt-mannheim.de;http://www.ihr-zahnarzt-mannheim.de;Mannheim
AllDent;GmbH;praxislutzkramer@t-online.de;http://www.zahnarzt-kramer-mannheim.de;Mannheim
AllDent;GmbH;info@dr-ganz.de;http://www.dr-ganz.de;Mannheim
AllDent;GmbH;praxisstobbe@gmx.de;http://zahnarztpraxis-stobbe.de/;Mannheim
AllDent;GmbH;info@praxishoely.de;http://www.praxishoely.de;Mannheim
AllDent;GmbH;info@zahnarzt-mannheim.com;https://www.zahnarzt-mannheim.com;Mannheim
AllDent;GmbH;praxis.ivanova@t-online.de;http://www.zahnarzt-mannheim-ivanova.de;Mannheim
AllDent;GmbH;kontakt@bisschen.de;http://www.zahnaerzte-am-neckar.de;Mannheim
AllDent;GmbH;kontakt@zahnarztpraxis-ra.de;https://zahnarztpraxis-ra.de;Mannheim
AllDent;GmbH;gokel-zahn@t-online.de;http://www.zahnarzt-gokel.de;Mannheim
